case,op,n,strategy,ns_per_element
gamma(2.5),pdf,1000,auto,2.07
gamma(2.5),logpdf,1000,auto,1.36
gamma(2.5),cdf,1000,auto,57.62
gamma(2.5),pdf,1000,scalar,13.94
gamma(2.5),logpdf,1000,scalar,9.53
gamma(2.5),cdf,1000,scalar,60.48
gamma(2.5),pdf,1000,vectorized,1.97
gamma(2.5),logpdf,1000,vectorized,1.28
gamma(2.5),cdf,1000,vectorized,57.21
gamma(2.5),pdf,1000,parallel,1.97
gamma(2.5),logpdf,1000,parallel,1.29
gamma(2.5),cdf,1000,parallel,56.68
gamma(2.5),pdf,10000,auto,2.11
gamma(2.5),logpdf,10000,auto,1.44
gamma(2.5),cdf,10000,auto,14.89
gamma(2.5),pdf,10000,scalar,13.98
gamma(2.5),logpdf,10000,scalar,9.56
gamma(2.5),cdf,10000,scalar,75.13
gamma(2.5),pdf,10000,vectorized,2.12
gamma(2.5),logpdf,10000,vectorized,1.45
gamma(2.5),cdf,10000,vectorized,72.89
gamma(2.5),pdf,10000,parallel,2.58
gamma(2.5),logpdf,10000,parallel,2.34
gamma(2.5),cdf,10000,parallel,16.55
gamma(2.5),pdf,100000,auto,0.72
gamma(2.5),logpdf,100000,auto,0.93
gamma(2.5),cdf,100000,auto,12.41
gamma(2.5),pdf,100000,scalar,14.04
gamma(2.5),logpdf,100000,scalar,9.65
gamma(2.5),cdf,100000,scalar,74.24
gamma(2.5),pdf,100000,vectorized,4.15
gamma(2.5),logpdf,100000,vectorized,3.03
gamma(2.5),cdf,100000,vectorized,75.33
gamma(2.5),pdf,100000,parallel,0.73
gamma(2.5),logpdf,100000,parallel,0.67
gamma(2.5),cdf,100000,parallel,13.24
gamma(2.5),call_pdf,10000,call,14.06
gamma(2.5),call_logpdf,10000,call,14.32
gamma(2.5),call_cdf,10000,call,74.95
gamma(2.5),quantile,1000,call,492.87
gamma(10),pdf,1000,auto,1.98
gamma(10),logpdf,1000,auto,1.29
gamma(10),cdf,1000,auto,70.48
gamma(10),pdf,1000,scalar,13.90
gamma(10),logpdf,1000,scalar,9.44
gamma(10),cdf,1000,scalar,74.68
gamma(10),pdf,1000,vectorized,1.97
gamma(10),logpdf,1000,vectorized,1.28
gamma(10),cdf,1000,vectorized,71.95
gamma(10),pdf,1000,parallel,1.98
gamma(10),logpdf,1000,parallel,1.29
gamma(10),cdf,1000,parallel,70.46
gamma(10),pdf,10000,auto,2.00
gamma(10),logpdf,10000,auto,1.33
gamma(10),cdf,10000,auto,16.82
gamma(10),pdf,10000,scalar,13.97
gamma(10),logpdf,10000,scalar,9.58
gamma(10),cdf,10000,scalar,90.22
gamma(10),pdf,10000,vectorized,2.00
gamma(10),logpdf,10000,vectorized,1.33
gamma(10),cdf,10000,vectorized,90.64
gamma(10),pdf,10000,parallel,2.35
gamma(10),logpdf,10000,parallel,2.10
gamma(10),cdf,10000,parallel,17.47
gamma(10),pdf,100000,auto,0.80
gamma(10),logpdf,100000,auto,0.79
gamma(10),cdf,100000,auto,14.97
gamma(10),pdf,100000,scalar,13.97
gamma(10),logpdf,100000,scalar,9.48
gamma(10),cdf,100000,scalar,90.03
gamma(10),pdf,100000,vectorized,4.11
gamma(10),logpdf,100000,vectorized,3.16
gamma(10),cdf,100000,vectorized,92.34
gamma(10),pdf,100000,parallel,0.72
gamma(10),logpdf,100000,parallel,0.63
gamma(10),cdf,100000,parallel,14.27
gamma(10),call_pdf,10000,call,13.99
gamma(10),call_logpdf,10000,call,9.46
gamma(10),call_cdf,10000,call,91.23
gamma(10),quantile,1000,call,683.30
gamma(19.9),pdf,1000,auto,1.97
gamma(19.9),logpdf,1000,auto,1.29
gamma(19.9),cdf,1000,auto,109.51
gamma(19.9),pdf,1000,scalar,13.92
gamma(19.9),logpdf,1000,scalar,9.52
gamma(19.9),cdf,1000,scalar,114.98
gamma(19.9),pdf,1000,vectorized,1.97
gamma(19.9),logpdf,1000,vectorized,1.29
gamma(19.9),cdf,1000,vectorized,109.54
gamma(19.9),pdf,1000,parallel,1.98
gamma(19.9),logpdf,1000,parallel,1.29
gamma(19.9),cdf,1000,parallel,107.29
gamma(19.9),pdf,10000,auto,2.00
gamma(19.9),logpdf,10000,auto,1.99
gamma(19.9),cdf,10000,auto,25.15
gamma(19.9),pdf,10000,scalar,13.94
gamma(19.9),logpdf,10000,scalar,9.48
gamma(19.9),cdf,10000,scalar,133.47
gamma(19.9),pdf,10000,vectorized,2.01
gamma(19.9),logpdf,10000,vectorized,1.48
gamma(19.9),cdf,10000,vectorized,129.41
gamma(19.9),pdf,10000,parallel,2.33
gamma(19.9),logpdf,10000,parallel,2.23
gamma(19.9),cdf,10000,parallel,22.83
gamma(19.9),pdf,100000,auto,0.91
gamma(19.9),logpdf,100000,auto,0.88
gamma(19.9),cdf,100000,auto,20.44
gamma(19.9),pdf,100000,scalar,13.94
gamma(19.9),logpdf,100000,scalar,9.47
gamma(19.9),cdf,100000,scalar,136.37
gamma(19.9),pdf,100000,vectorized,2.12
gamma(19.9),logpdf,100000,vectorized,1.39
gamma(19.9),cdf,100000,vectorized,131.10
gamma(19.9),pdf,100000,parallel,0.76
gamma(19.9),logpdf,100000,parallel,0.64
gamma(19.9),cdf,100000,parallel,20.30
gamma(19.9),call_pdf,10000,call,13.94
gamma(19.9),call_logpdf,10000,call,9.52
gamma(19.9),call_cdf,10000,call,139.21
gamma(19.9),quantile,1000,call,1014.19
gamma(20),pdf,1000,auto,2.01
gamma(20),logpdf,1000,auto,1.29
gamma(20),cdf,1000,auto,107.01
gamma(20),pdf,1000,scalar,13.83
gamma(20),logpdf,1000,scalar,9.41
gamma(20),cdf,1000,scalar,111.07
gamma(20),pdf,1000,vectorized,1.98
gamma(20),logpdf,1000,vectorized,1.29
gamma(20),cdf,1000,vectorized,114.38
gamma(20),pdf,1000,parallel,1.99
gamma(20),logpdf,1000,parallel,1.29
gamma(20),cdf,1000,parallel,106.74
gamma(20),pdf,10000,auto,2.00
gamma(20),logpdf,10000,auto,1.33
gamma(20),cdf,10000,auto,23.58
gamma(20),pdf,10000,scalar,13.92
gamma(20),logpdf,10000,scalar,9.49
gamma(20),cdf,10000,scalar,136.12
gamma(20),pdf,10000,vectorized,2.00
gamma(20),logpdf,10000,vectorized,1.33
gamma(20),cdf,10000,vectorized,129.03
gamma(20),pdf,10000,parallel,2.27
gamma(20),logpdf,10000,parallel,2.10
gamma(20),cdf,10000,parallel,21.80
gamma(20),pdf,100000,auto,0.70
gamma(20),logpdf,100000,auto,0.98
gamma(20),cdf,100000,auto,19.17
gamma(20),pdf,100000,scalar,13.99
gamma(20),logpdf,100000,scalar,9.55
gamma(20),cdf,100000,scalar,130.31
gamma(20),pdf,100000,vectorized,2.07
gamma(20),logpdf,100000,vectorized,1.39
gamma(20),cdf,100000,vectorized,128.71
gamma(20),pdf,100000,parallel,0.86
gamma(20),logpdf,100000,parallel,0.64
gamma(20),cdf,100000,parallel,19.85
gamma(20),call_pdf,10000,call,13.96
gamma(20),call_logpdf,10000,call,9.43
gamma(20),call_cdf,10000,call,129.64
gamma(20),quantile,1000,call,989.46
gamma(1000),pdf,1000,auto,1.98
gamma(1000),logpdf,1000,auto,1.29
gamma(1000),cdf,1000,auto,167.23
gamma(1000),pdf,1000,scalar,13.89
gamma(1000),logpdf,1000,scalar,9.43
gamma(1000),cdf,1000,scalar,172.99
gamma(1000),pdf,1000,vectorized,1.97
gamma(1000),logpdf,1000,vectorized,1.29
gamma(1000),cdf,1000,vectorized,169.06
gamma(1000),pdf,1000,parallel,1.97
gamma(1000),logpdf,1000,parallel,1.29
gamma(1000),cdf,1000,parallel,166.13
gamma(1000),pdf,10000,auto,2.00
gamma(1000),logpdf,10000,auto,1.33
gamma(1000),cdf,10000,auto,35.31
gamma(1000),pdf,10000,scalar,13.92
gamma(1000),logpdf,10000,scalar,9.53
gamma(1000),cdf,10000,scalar,177.80
gamma(1000),pdf,10000,vectorized,2.00
gamma(1000),logpdf,10000,vectorized,1.33
gamma(1000),cdf,10000,vectorized,174.25
gamma(1000),pdf,10000,parallel,2.30
gamma(1000),logpdf,10000,parallel,2.12
gamma(1000),cdf,10000,parallel,32.41
gamma(1000),pdf,100000,auto,0.71
gamma(1000),logpdf,100000,auto,0.91
gamma(1000),cdf,100000,auto,31.61
gamma(1000),pdf,100000,scalar,13.94
gamma(1000),logpdf,100000,scalar,9.52
gamma(1000),cdf,100000,scalar,178.76
gamma(1000),pdf,100000,vectorized,2.08
gamma(1000),logpdf,100000,vectorized,1.42
gamma(1000),cdf,100000,vectorized,176.58
gamma(1000),pdf,100000,parallel,0.89
gamma(1000),logpdf,100000,parallel,0.61
gamma(1000),cdf,100000,parallel,30.72
gamma(1000),call_pdf,10000,call,13.97
gamma(1000),call_logpdf,10000,call,9.47
gamma(1000),call_cdf,10000,call,180.51
gamma(1000),quantile,1000,call,1487.45
gamma(0.01),pdf,1000,auto,2.06
gamma(0.01),logpdf,1000,auto,1.29
gamma(0.01),cdf,1000,auto,94.42
gamma(0.01),pdf,1000,scalar,14.06
gamma(0.01),logpdf,1000,scalar,9.59
gamma(0.01),cdf,1000,scalar,98.13
gamma(0.01),pdf,1000,vectorized,2.06
gamma(0.01),logpdf,1000,vectorized,1.29
gamma(0.01),cdf,1000,vectorized,95.23
gamma(0.01),pdf,1000,parallel,2.06
gamma(0.01),logpdf,1000,parallel,1.29
gamma(0.01),cdf,1000,parallel,94.63
gamma(0.01),pdf,10000,auto,2.38
gamma(0.01),logpdf,10000,auto,1.63
gamma(0.01),cdf,10000,auto,20.29
gamma(0.01),pdf,10000,scalar,14.14
gamma(0.01),logpdf,10000,scalar,9.68
gamma(0.01),cdf,10000,scalar,113.05
gamma(0.01),pdf,10000,vectorized,2.37
gamma(0.01),logpdf,10000,vectorized,1.62
gamma(0.01),cdf,10000,vectorized,112.03
gamma(0.01),pdf,10000,parallel,2.24
gamma(0.01),logpdf,10000,parallel,2.06
gamma(0.01),cdf,10000,parallel,20.55
gamma(0.01),pdf,100000,auto,0.71
gamma(0.01),logpdf,100000,auto,0.65
gamma(0.01),cdf,100000,auto,17.99
gamma(0.01),pdf,100000,scalar,14.21
gamma(0.01),logpdf,100000,scalar,9.78
gamma(0.01),cdf,100000,scalar,111.89
gamma(0.01),pdf,100000,vectorized,2.14
gamma(0.01),logpdf,100000,vectorized,1.44
gamma(0.01),cdf,100000,vectorized,111.42
gamma(0.01),pdf,100000,parallel,0.89
gamma(0.01),logpdf,100000,parallel,0.62
gamma(0.01),cdf,100000,parallel,18.53
gamma(0.01),call_pdf,10000,call,14.20
gamma(0.01),call_logpdf,10000,call,9.66
gamma(0.01),call_cdf,10000,call,111.98
gamma(0.01),quantile,1000,call,2791.60
student_t(7),pdf,1000,auto,1.81
student_t(7),logpdf,1000,auto,1.12
student_t(7),cdf,1000,auto,129.93
student_t(7),pdf,1000,scalar,15.67
student_t(7),logpdf,1000,scalar,9.78
student_t(7),cdf,1000,scalar,133.29
student_t(7),pdf,1000,vectorized,1.81
student_t(7),logpdf,1000,vectorized,1.11
student_t(7),cdf,1000,vectorized,130.50
student_t(7),pdf,1000,parallel,9.75
student_t(7),logpdf,1000,parallel,5.17
student_t(7),cdf,1000,parallel,130.99
student_t(7),pdf,10000,auto,1.82
student_t(7),logpdf,10000,auto,1.13
student_t(7),cdf,10000,auto,140.58
student_t(7),pdf,10000,scalar,15.94
student_t(7),logpdf,10000,scalar,9.85
student_t(7),cdf,10000,scalar,141.79
student_t(7),pdf,10000,vectorized,1.82
student_t(7),logpdf,10000,vectorized,1.13
student_t(7),cdf,10000,vectorized,136.75
student_t(7),pdf,10000,parallel,5.65
student_t(7),logpdf,10000,parallel,7.29
student_t(7),cdf,10000,parallel,136.97
student_t(7),pdf,100000,auto,1.84
student_t(7),logpdf,100000,auto,1.16
student_t(7),cdf,100000,auto,137.31
student_t(7),pdf,100000,scalar,16.46
student_t(7),logpdf,100000,scalar,10.56
student_t(7),cdf,100000,scalar,142.47
student_t(7),pdf,100000,vectorized,1.86
student_t(7),logpdf,100000,vectorized,1.25
student_t(7),cdf,100000,vectorized,137.01
student_t(7),pdf,100000,parallel,2.48
student_t(7),logpdf,100000,parallel,1.67
student_t(7),cdf,100000,parallel,137.54
student_t(7),call_pdf,10000,call,16.35
student_t(7),call_logpdf,10000,call,10.12
student_t(7),call_cdf,10000,call,145.32
student_t(7),quantile,1000,call,755.94
student_t(30),pdf,1000,auto,1.82
student_t(30),logpdf,1000,auto,1.12
student_t(30),cdf,1000,auto,204.66
student_t(30),pdf,1000,scalar,15.72
student_t(30),logpdf,1000,scalar,9.85
student_t(30),cdf,1000,scalar,211.48
student_t(30),pdf,1000,vectorized,1.81
student_t(30),logpdf,1000,vectorized,1.11
student_t(30),cdf,1000,vectorized,202.66
student_t(30),pdf,1000,parallel,9.83
student_t(30),logpdf,1000,parallel,5.21
student_t(30),cdf,1000,parallel,207.43
student_t(30),pdf,10000,auto,1.82
student_t(30),logpdf,10000,auto,1.13
student_t(30),cdf,10000,auto,213.59
student_t(30),pdf,10000,scalar,16.27
student_t(30),logpdf,10000,scalar,9.84
student_t(30),cdf,10000,scalar,218.58
student_t(30),pdf,10000,vectorized,1.82
student_t(30),logpdf,10000,vectorized,1.13
student_t(30),cdf,10000,vectorized,210.27
student_t(30),pdf,10000,parallel,7.28
student_t(30),logpdf,10000,parallel,7.65
student_t(30),cdf,10000,parallel,210.61
student_t(30),pdf,100000,auto,1.83
student_t(30),logpdf,100000,auto,1.16
student_t(30),cdf,100000,auto,211.47
student_t(30),pdf,100000,scalar,17.31
student_t(30),logpdf,100000,scalar,11.58
student_t(30),cdf,100000,scalar,216.98
student_t(30),pdf,100000,vectorized,1.85
student_t(30),logpdf,100000,vectorized,1.17
student_t(30),cdf,100000,vectorized,213.30
student_t(30),pdf,100000,parallel,2.81
student_t(30),logpdf,100000,parallel,1.96
student_t(30),cdf,100000,parallel,213.12
student_t(30),call_pdf,10000,call,16.52
student_t(30),call_logpdf,10000,call,10.07
student_t(30),call_cdf,10000,call,220.50
student_t(30),quantile,1000,call,913.93
student_t(1000),pdf,1000,auto,1.81
student_t(1000),logpdf,1000,auto,1.12
student_t(1000),cdf,1000,auto,11.19
student_t(1000),pdf,1000,scalar,16.00
student_t(1000),logpdf,1000,scalar,9.93
student_t(1000),cdf,1000,scalar,15.88
student_t(1000),pdf,1000,vectorized,1.80
student_t(1000),logpdf,1000,vectorized,1.11
student_t(1000),cdf,1000,vectorized,11.13
student_t(1000),pdf,1000,parallel,10.00
student_t(1000),logpdf,1000,parallel,5.32
student_t(1000),cdf,1000,parallel,11.17
student_t(1000),pdf,10000,auto,1.81
student_t(1000),logpdf,10000,auto,1.13
student_t(1000),cdf,10000,auto,15.37
student_t(1000),pdf,10000,scalar,15.94
student_t(1000),logpdf,10000,scalar,9.93
student_t(1000),cdf,10000,scalar,20.80
student_t(1000),pdf,10000,vectorized,1.82
student_t(1000),logpdf,10000,vectorized,1.13
student_t(1000),cdf,10000,vectorized,15.54
student_t(1000),pdf,10000,parallel,9.20
student_t(1000),logpdf,10000,parallel,7.73
student_t(1000),cdf,10000,parallel,15.25
student_t(1000),pdf,100000,auto,1.89
student_t(1000),logpdf,100000,auto,1.17
student_t(1000),cdf,100000,auto,18.41
student_t(1000),pdf,100000,scalar,15.98
student_t(1000),logpdf,100000,scalar,9.94
student_t(1000),cdf,100000,scalar,22.49
student_t(1000),pdf,100000,vectorized,1.84
student_t(1000),logpdf,100000,vectorized,1.16
student_t(1000),cdf,100000,vectorized,18.44
student_t(1000),pdf,100000,parallel,2.46
student_t(1000),logpdf,100000,parallel,1.57
student_t(1000),cdf,100000,parallel,18.45
student_t(1000),call_pdf,10000,call,16.12
student_t(1000),call_logpdf,10000,call,10.08
student_t(1000),call_cdf,10000,call,21.60
student_t(1000),quantile,1000,call,64.92
student_t(1e+06),pdf,1000,auto,1.81
student_t(1e+06),logpdf,1000,auto,1.12
student_t(1e+06),cdf,1000,auto,11.16
student_t(1e+06),pdf,1000,scalar,16.00
student_t(1e+06),logpdf,1000,scalar,9.94
student_t(1e+06),cdf,1000,scalar,15.87
student_t(1e+06),pdf,1000,vectorized,1.80
student_t(1e+06),logpdf,1000,vectorized,1.11
student_t(1e+06),cdf,1000,vectorized,11.16
student_t(1e+06),pdf,1000,parallel,9.85
student_t(1e+06),logpdf,1000,parallel,5.32
student_t(1e+06),cdf,1000,parallel,11.27
student_t(1e+06),pdf,10000,auto,1.82
student_t(1e+06),logpdf,10000,auto,1.13
student_t(1e+06),cdf,10000,auto,15.58
student_t(1e+06),pdf,10000,scalar,15.98
student_t(1e+06),logpdf,10000,scalar,10.07
student_t(1e+06),cdf,10000,scalar,20.78
student_t(1e+06),pdf,10000,vectorized,1.82
student_t(1e+06),logpdf,10000,vectorized,1.13
student_t(1e+06),cdf,10000,vectorized,15.78
student_t(1e+06),pdf,10000,parallel,6.18
student_t(1e+06),logpdf,10000,parallel,7.43
student_t(1e+06),cdf,10000,parallel,15.45
student_t(1e+06),pdf,100000,auto,1.86
student_t(1e+06),logpdf,100000,auto,1.16
student_t(1e+06),cdf,100000,auto,18.41
student_t(1e+06),pdf,100000,scalar,16.03
student_t(1e+06),logpdf,100000,scalar,9.96
student_t(1e+06),cdf,100000,scalar,22.61
student_t(1e+06),pdf,100000,vectorized,1.85
student_t(1e+06),logpdf,100000,vectorized,1.55
student_t(1e+06),cdf,100000,vectorized,18.36
student_t(1e+06),pdf,100000,parallel,2.43
student_t(1e+06),logpdf,100000,parallel,1.58
student_t(1e+06),cdf,100000,parallel,18.44
student_t(1e+06),call_pdf,10000,call,16.15
student_t(1e+06),call_logpdf,10000,call,10.10
student_t(1e+06),call_cdf,10000,call,21.68
student_t(1e+06),quantile,1000,call,54.87
beta(2;2),pdf,1000,auto,3.19
beta(2;2),logpdf,1000,auto,2.50
beta(2;2),cdf,1000,auto,30.53
beta(2;2),pdf,1000,scalar,17.45
beta(2;2),logpdf,1000,scalar,11.71
beta(2;2),cdf,1000,scalar,105.24
beta(2;2),pdf,1000,vectorized,3.19
beta(2;2),logpdf,1000,vectorized,2.51
beta(2;2),cdf,1000,vectorized,30.30
beta(2;2),pdf,1000,parallel,3.20
beta(2;2),logpdf,1000,parallel,2.50
beta(2;2),cdf,1000,parallel,30.51
beta(2;2),pdf,10000,auto,3.21
beta(2;2),logpdf,10000,auto,2.52
beta(2;2),cdf,10000,auto,10.29
beta(2;2),pdf,10000,scalar,17.83
beta(2;2),logpdf,10000,scalar,12.51
beta(2;2),cdf,10000,scalar,100.37
beta(2;2),pdf,10000,vectorized,3.21
beta(2;2),logpdf,10000,vectorized,2.52
beta(2;2),cdf,10000,vectorized,31.09
beta(2;2),pdf,10000,parallel,2.56
beta(2;2),logpdf,10000,parallel,2.39
beta(2;2),cdf,10000,parallel,10.05
beta(2;2),pdf,100000,auto,3.59
beta(2;2),logpdf,100000,auto,2.96
beta(2;2),cdf,100000,auto,6.91
beta(2;2),pdf,100000,scalar,18.20
beta(2;2),logpdf,100000,scalar,12.58
beta(2;2),cdf,100000,scalar,102.47
beta(2;2),pdf,100000,vectorized,3.28
beta(2;2),logpdf,100000,vectorized,2.59
beta(2;2),cdf,100000,vectorized,34.81
beta(2;2),pdf,100000,parallel,1.04
beta(2;2),logpdf,100000,parallel,0.78
beta(2;2),cdf,100000,parallel,6.94
beta(2;2),call_pdf,10000,call,18.68
beta(2;2),call_logpdf,10000,call,12.87
beta(2;2),call_cdf,10000,call,101.21
beta(2;2),quantile,1000,call,547.75
beta(25;25),pdf,1000,auto,3.20
beta(25;25),logpdf,1000,auto,2.50
beta(25;25),cdf,1000,auto,82.58
beta(25;25),pdf,1000,scalar,17.39
beta(25;25),logpdf,1000,scalar,11.67
beta(25;25),cdf,1000,scalar,419.81
beta(25;25),pdf,1000,vectorized,3.19
beta(25;25),logpdf,1000,vectorized,2.50
beta(25;25),cdf,1000,vectorized,83.28
beta(25;25),pdf,1000,parallel,3.50
beta(25;25),logpdf,1000,parallel,2.50
beta(25;25),cdf,1000,parallel,87.08
beta(25;25),pdf,10000,auto,3.21
beta(25;25),logpdf,10000,auto,2.52
beta(25;25),cdf,10000,auto,18.72
beta(25;25),pdf,10000,scalar,17.58
beta(25;25),logpdf,10000,scalar,11.68
beta(25;25),cdf,10000,scalar,416.41
beta(25;25),pdf,10000,vectorized,3.21
beta(25;25),logpdf,10000,vectorized,2.52
beta(25;25),cdf,10000,vectorized,101.88
beta(25;25),pdf,10000,parallel,2.73
beta(25;25),logpdf,10000,parallel,2.46
beta(25;25),cdf,10000,parallel,19.08
beta(25;25),pdf,100000,auto,3.27
beta(25;25),logpdf,100000,auto,2.59
beta(25;25),cdf,100000,auto,17.56
beta(25;25),pdf,100000,scalar,17.39
beta(25;25),logpdf,100000,scalar,11.71
beta(25;25),cdf,100000,scalar,411.25
beta(25;25),pdf,100000,vectorized,3.27
beta(25;25),logpdf,100000,vectorized,2.60
beta(25;25),cdf,100000,vectorized,107.69
beta(25;25),pdf,100000,parallel,1.28
beta(25;25),logpdf,100000,parallel,0.77
beta(25;25),cdf,100000,parallel,17.60
beta(25;25),call_pdf,10000,call,17.85
beta(25;25),call_logpdf,10000,call,12.14
beta(25;25),call_cdf,10000,call,414.24
beta(25;25),quantile,1000,call,1908.54
beta(1000;1000),pdf,1000,auto,3.21
beta(1000;1000),logpdf,1000,auto,2.50
beta(1000;1000),cdf,1000,auto,208.33
beta(1000;1000),pdf,1000,scalar,17.44
beta(1000;1000),logpdf,1000,scalar,11.66
beta(1000;1000),cdf,1000,scalar,244.12
beta(1000;1000),pdf,1000,vectorized,3.19
beta(1000;1000),logpdf,1000,vectorized,2.50
beta(1000;1000),cdf,1000,vectorized,207.68
beta(1000;1000),pdf,1000,parallel,3.20
beta(1000;1000),logpdf,1000,parallel,2.50
beta(1000;1000),cdf,1000,parallel,208.56
beta(1000;1000),pdf,10000,auto,3.33
beta(1000;1000),logpdf,10000,auto,2.65
beta(1000;1000),cdf,10000,auto,36.31
beta(1000;1000),pdf,10000,scalar,17.41
beta(1000;1000),logpdf,10000,scalar,11.64
beta(1000;1000),cdf,10000,scalar,260.57
beta(1000;1000),pdf,10000,vectorized,3.36
beta(1000;1000),logpdf,10000,vectorized,2.64
beta(1000;1000),cdf,10000,vectorized,228.25
beta(1000;1000),pdf,10000,parallel,2.64
beta(1000;1000),logpdf,10000,parallel,2.41
beta(1000;1000),cdf,10000,parallel,35.82
beta(1000;1000),pdf,100000,auto,3.27
beta(1000;1000),logpdf,100000,auto,2.59
beta(1000;1000),cdf,100000,auto,34.90
beta(1000;1000),pdf,100000,scalar,17.45
beta(1000;1000),logpdf,100000,scalar,11.63
beta(1000;1000),cdf,100000,scalar,258.45
beta(1000;1000),pdf,100000,vectorized,3.29
beta(1000;1000),logpdf,100000,vectorized,2.59
beta(1000;1000),cdf,100000,vectorized,228.82
beta(1000;1000),pdf,100000,parallel,1.15
beta(1000;1000),logpdf,100000,parallel,0.82
beta(1000;1000),cdf,100000,parallel,34.87
beta(1000;1000),call_pdf,10000,call,17.83
beta(1000;1000),call_logpdf,10000,call,12.13
beta(1000;1000),call_cdf,10000,call,266.93
beta(1000;1000),quantile,1000,call,833.97
von_mises(1),pdf,1000,auto,2.04
von_mises(1),logpdf,1000,auto,1.38
von_mises(1),cdf,1000,auto,28.91
von_mises(1),pdf,1000,scalar,13.41
von_mises(1),logpdf,1000,scalar,8.45
von_mises(1),cdf,1000,scalar,204.76
von_mises(1),pdf,1000,vectorized,2.05
von_mises(1),logpdf,1000,vectorized,1.28
von_mises(1),cdf,1000,vectorized,27.68
von_mises(1),pdf,1000,parallel,7.81
von_mises(1),logpdf,1000,parallel,3.57
von_mises(1),cdf,1000,parallel,203.87
von_mises(1),pdf,10000,auto,2.15
von_mises(1),logpdf,10000,auto,1.35
von_mises(1),cdf,10000,auto,29.42
von_mises(1),pdf,10000,scalar,13.48
von_mises(1),logpdf,10000,scalar,8.58
von_mises(1),cdf,10000,scalar,232.08
von_mises(1),pdf,10000,vectorized,2.15
von_mises(1),logpdf,10000,vectorized,1.35
von_mises(1),cdf,10000,vectorized,29.37
von_mises(1),pdf,10000,parallel,6.05
von_mises(1),logpdf,10000,parallel,7.34
von_mises(1),cdf,10000,parallel,81.09
von_mises(1),pdf,100000,auto,2.49
von_mises(1),logpdf,100000,auto,1.80
von_mises(1),cdf,100000,auto,69.28
von_mises(1),pdf,100000,scalar,16.70
von_mises(1),logpdf,100000,scalar,12.70
von_mises(1),cdf,100000,scalar,233.78
von_mises(1),pdf,100000,vectorized,2.22
von_mises(1),logpdf,100000,vectorized,2.09
von_mises(1),cdf,100000,vectorized,33.86
von_mises(1),pdf,100000,parallel,2.47
von_mises(1),logpdf,100000,parallel,1.76
von_mises(1),cdf,100000,parallel,70.64
von_mises(1),call_pdf,10000,call,15.30
von_mises(1),call_logpdf,10000,call,11.40
von_mises(1),call_cdf,10000,call,231.61
von_mises(1),quantile,1000,call,17.95
von_mises(30),pdf,1000,auto,2.05
von_mises(30),logpdf,1000,auto,1.93
von_mises(30),cdf,1000,auto,76.70
von_mises(30),pdf,1000,scalar,13.37
von_mises(30),logpdf,1000,scalar,8.42
von_mises(30),cdf,1000,scalar,639.06
von_mises(30),pdf,1000,vectorized,2.05
von_mises(30),logpdf,1000,vectorized,1.28
von_mises(30),cdf,1000,vectorized,75.81
von_mises(30),pdf,1000,parallel,7.81
von_mises(30),logpdf,1000,parallel,3.56
von_mises(30),cdf,1000,parallel,634.38
von_mises(30),pdf,10000,auto,2.15
von_mises(30),logpdf,10000,auto,1.35
von_mises(30),cdf,10000,auto,79.87
von_mises(30),pdf,10000,scalar,13.45
von_mises(30),logpdf,10000,scalar,8.61
von_mises(30),cdf,10000,scalar,705.85
von_mises(30),pdf,10000,vectorized,2.15
von_mises(30),logpdf,10000,vectorized,1.35
von_mises(30),cdf,10000,vectorized,79.27
von_mises(30),pdf,10000,parallel,6.85
von_mises(30),logpdf,10000,parallel,7.49
von_mises(30),cdf,10000,parallel,91.92
von_mises(30),pdf,100000,auto,2.42
von_mises(30),logpdf,100000,auto,1.74
von_mises(30),cdf,100000,auto,93.58
von_mises(30),pdf,100000,scalar,16.60
von_mises(30),logpdf,100000,scalar,12.76
von_mises(30),cdf,100000,scalar,703.65
von_mises(30),pdf,100000,vectorized,2.23
von_mises(30),logpdf,100000,vectorized,1.40
von_mises(30),cdf,100000,vectorized,92.03
von_mises(30),pdf,100000,parallel,2.47
von_mises(30),logpdf,100000,parallel,1.77
von_mises(30),cdf,100000,parallel,93.88
von_mises(30),call_pdf,10000,call,15.00
von_mises(30),call_logpdf,10000,call,11.24
von_mises(30),call_cdf,10000,call,708.79
von_mises(30),quantile,1000,call,17.57
von_mises(300),pdf,1000,auto,2.40
von_mises(300),logpdf,1000,auto,1.38
von_mises(300),cdf,1000,auto,206.75
von_mises(300),pdf,1000,scalar,13.33
von_mises(300),logpdf,1000,scalar,8.42
von_mises(300),cdf,1000,scalar,1942.94
von_mises(300),pdf,1000,vectorized,2.04
von_mises(300),logpdf,1000,vectorized,1.28
von_mises(300),cdf,1000,vectorized,204.91
von_mises(300),pdf,1000,parallel,7.80
von_mises(300),logpdf,1000,parallel,3.57
von_mises(300),cdf,1000,parallel,1925.58
von_mises(300),pdf,10000,auto,2.15
von_mises(300),logpdf,10000,auto,1.35
von_mises(300),cdf,10000,auto,218.12
von_mises(300),pdf,10000,scalar,13.52
von_mises(300),logpdf,10000,scalar,8.64
von_mises(300),cdf,10000,scalar,1955.13
von_mises(300),pdf,10000,vectorized,2.15
von_mises(300),logpdf,10000,vectorized,1.35
von_mises(300),cdf,10000,vectorized,217.37
von_mises(300),pdf,10000,parallel,7.53
von_mises(300),logpdf,10000,parallel,7.55
von_mises(300),cdf,10000,parallel,260.65
von_mises(300),pdf,100000,auto,2.40
von_mises(300),logpdf,100000,auto,1.81
von_mises(300),cdf,100000,auto,256.37
von_mises(300),pdf,100000,scalar,16.70
von_mises(300),logpdf,100000,scalar,12.70
von_mises(300),cdf,100000,scalar,1950.88
von_mises(300),pdf,100000,vectorized,2.22
von_mises(300),logpdf,100000,vectorized,1.40
von_mises(300),cdf,100000,vectorized,230.50
von_mises(300),pdf,100000,parallel,2.44
von_mises(300),logpdf,100000,parallel,1.76
von_mises(300),cdf,100000,parallel,250.87
von_mises(300),call_pdf,10000,call,14.68
von_mises(300),call_logpdf,10000,call,11.27
von_mises(300),call_cdf,10000,call,1967.33
von_mises(300),quantile,1000,call,17.40
poisson(12),pdf,1000,auto,24.45
poisson(12),logpdf,1000,auto,19.65
poisson(12),cdf,1000,auto,81.65
poisson(12),pdf,1000,scalar,30.31
poisson(12),logpdf,1000,scalar,23.93
poisson(12),cdf,1000,scalar,82.54
poisson(12),pdf,1000,vectorized,24.40
poisson(12),logpdf,1000,vectorized,19.67
poisson(12),cdf,1000,vectorized,81.12
poisson(12),pdf,1000,parallel,24.45
poisson(12),logpdf,1000,parallel,19.67
poisson(12),cdf,1000,parallel,81.28
poisson(12),pdf,10000,auto,9.84
poisson(12),logpdf,10000,auto,20.83
poisson(12),cdf,10000,auto,18.39
poisson(12),pdf,10000,scalar,31.75
poisson(12),logpdf,10000,scalar,25.73
poisson(12),cdf,10000,scalar,102.86
poisson(12),pdf,10000,vectorized,25.63
poisson(12),logpdf,10000,vectorized,20.82
poisson(12),cdf,10000,vectorized,102.29
poisson(12),pdf,10000,parallel,7.77
poisson(12),logpdf,10000,parallel,7.83
poisson(12),cdf,10000,parallel,17.55
poisson(12),pdf,100000,auto,4.76
poisson(12),logpdf,100000,auto,3.82
poisson(12),cdf,100000,auto,15.64
poisson(12),pdf,100000,scalar,32.12
poisson(12),logpdf,100000,scalar,26.63
poisson(12),cdf,100000,scalar,102.74
poisson(12),pdf,100000,vectorized,27.17
poisson(12),logpdf,100000,vectorized,22.40
poisson(12),cdf,100000,vectorized,103.44
poisson(12),pdf,100000,parallel,5.32
poisson(12),logpdf,100000,parallel,4.12
poisson(12),cdf,100000,parallel,16.70
poisson(12),call_pdf,10000,call,32.28
poisson(12),call_logpdf,10000,call,26.73
poisson(12),call_cdf,10000,call,103.06
poisson(12),quantile,1000,call,871.33
poisson(1000),pdf,1000,auto,17.46
poisson(1000),logpdf,1000,auto,11.09
poisson(1000),cdf,1000,auto,169.87
poisson(1000),pdf,1000,scalar,22.52
poisson(1000),logpdf,1000,scalar,16.10
poisson(1000),cdf,1000,scalar,170.22
poisson(1000),pdf,1000,vectorized,17.01
poisson(1000),logpdf,1000,vectorized,11.07
poisson(1000),cdf,1000,vectorized,169.59
poisson(1000),pdf,1000,parallel,17.41
poisson(1000),logpdf,1000,parallel,11.19
poisson(1000),cdf,1000,parallel,169.61
poisson(1000),pdf,10000,auto,7.11
poisson(1000),logpdf,10000,auto,11.08
poisson(1000),cdf,10000,auto,32.32
poisson(1000),pdf,10000,scalar,22.36
poisson(1000),logpdf,10000,scalar,16.05
poisson(1000),cdf,10000,scalar,176.45
poisson(1000),pdf,10000,vectorized,17.00
poisson(1000),logpdf,10000,vectorized,11.08
poisson(1000),cdf,10000,vectorized,176.23
poisson(1000),pdf,10000,parallel,7.47
poisson(1000),logpdf,10000,parallel,6.06
poisson(1000),cdf,10000,parallel,32.89
poisson(1000),pdf,100000,auto,3.81
poisson(1000),logpdf,100000,auto,3.11
poisson(1000),cdf,100000,auto,31.48
poisson(1000),pdf,100000,scalar,22.42
poisson(1000),logpdf,100000,scalar,16.05
poisson(1000),cdf,100000,scalar,177.67
poisson(1000),pdf,100000,vectorized,17.04
poisson(1000),logpdf,100000,vectorized,11.08
poisson(1000),cdf,100000,vectorized,176.93
poisson(1000),pdf,100000,parallel,3.79
poisson(1000),logpdf,100000,parallel,2.80
poisson(1000),cdf,100000,parallel,29.98
poisson(1000),call_pdf,10000,call,22.87
poisson(1000),call_logpdf,10000,call,16.42
poisson(1000),call_cdf,10000,call,180.46
poisson(1000),quantile,1000,call,2089.85
poisson(100000),pdf,1000,auto,17.44
poisson(100000),logpdf,1000,auto,11.04
poisson(100000),cdf,1000,auto,716.89
poisson(100000),pdf,1000,scalar,15.63
poisson(100000),logpdf,1000,scalar,16.04
poisson(100000),cdf,1000,scalar,722.05
poisson(100000),pdf,1000,vectorized,18.01
poisson(100000),logpdf,1000,vectorized,13.11
poisson(100000),cdf,1000,vectorized,734.29
poisson(100000),pdf,1000,parallel,17.99
poisson(100000),logpdf,1000,parallel,11.50
poisson(100000),cdf,1000,parallel,717.67
poisson(100000),pdf,10000,auto,8.29
poisson(100000),logpdf,10000,auto,11.13
poisson(100000),cdf,10000,auto,154.54
poisson(100000),pdf,10000,scalar,19.18
poisson(100000),logpdf,10000,scalar,16.13
poisson(100000),cdf,10000,scalar,718.98
poisson(100000),pdf,10000,vectorized,17.87
poisson(100000),logpdf,10000,vectorized,11.91
poisson(100000),cdf,10000,vectorized,719.15
poisson(100000),pdf,10000,parallel,7.36
poisson(100000),logpdf,10000,parallel,7.04
poisson(100000),cdf,10000,parallel,149.49
poisson(100000),pdf,100000,auto,3.87
poisson(100000),logpdf,100000,auto,2.78
poisson(100000),cdf,100000,auto,137.33
poisson(100000),pdf,100000,scalar,17.65
poisson(100000),logpdf,100000,scalar,16.08
poisson(100000),cdf,100000,scalar,710.55
poisson(100000),pdf,100000,vectorized,16.97
poisson(100000),logpdf,100000,vectorized,11.05
poisson(100000),cdf,100000,vectorized,709.38
poisson(100000),pdf,100000,parallel,4.14
poisson(100000),logpdf,100000,parallel,3.05
poisson(100000),cdf,100000,parallel,144.83
poisson(100000),call_pdf,10000,call,17.93
poisson(100000),call_logpdf,10000,call,16.41
poisson(100000),call_cdf,10000,call,721.24
poisson(100000),quantile,1000,call,12218.11
binomial(50;0.3),pdf,1000,auto,177.41
binomial(50;0.3),logpdf,1000,auto,174.62
binomial(50;0.3),cdf,1000,auto,396.85
binomial(50;0.3),pdf,1000,scalar,191.32
binomial(50;0.3),logpdf,1000,scalar,181.18
binomial(50;0.3),cdf,1000,scalar,396.87
binomial(50;0.3),pdf,1000,vectorized,177.42
binomial(50;0.3),logpdf,1000,vectorized,174.42
binomial(50;0.3),cdf,1000,vectorized,397.10
binomial(50;0.3),pdf,1000,parallel,191.65
binomial(50;0.3),logpdf,1000,parallel,180.91
binomial(50;0.3),cdf,1000,parallel,397.46
binomial(50;0.3),pdf,10000,auto,177.93
binomial(50;0.3),logpdf,10000,auto,177.61
binomial(50;0.3),cdf,10000,auto,74.14
binomial(50;0.3),pdf,10000,scalar,191.80
binomial(50;0.3),logpdf,10000,scalar,181.33
binomial(50;0.3),cdf,10000,scalar,395.85
binomial(50;0.3),pdf,10000,vectorized,179.12
binomial(50;0.3),logpdf,10000,vectorized,176.13
binomial(50;0.3),cdf,10000,vectorized,408.10
binomial(50;0.3),pdf,10000,parallel,81.81
binomial(50;0.3),logpdf,10000,parallel,81.68
binomial(50;0.3),cdf,10000,parallel,68.66
binomial(50;0.3),pdf,100000,auto,177.43
binomial(50;0.3),logpdf,100000,auto,175.36
binomial(50;0.3),cdf,100000,auto,63.97
binomial(50;0.3),pdf,100000,scalar,192.22
binomial(50;0.3),logpdf,100000,scalar,184.79
binomial(50;0.3),cdf,100000,scalar,402.30
binomial(50;0.3),pdf,100000,vectorized,177.82
binomial(50;0.3),logpdf,100000,vectorized,175.37
binomial(50;0.3),cdf,100000,vectorized,396.14
binomial(50;0.3),pdf,100000,parallel,79.49
binomial(50;0.3),logpdf,100000,parallel,82.97
binomial(50;0.3),cdf,100000,parallel,64.20
binomial(50;0.3),call_pdf,10000,call,191.62
binomial(50;0.3),call_logpdf,10000,call,181.32
binomial(50;0.3),call_cdf,10000,call,403.89
binomial(50;0.3),quantile,1000,call,6334.11
binomial(1000;0.3),pdf,1000,auto,27.55
binomial(1000;0.3),logpdf,1000,auto,21.50
binomial(1000;0.3),cdf,1000,auto,208.49
binomial(1000;0.3),pdf,1000,scalar,39.01
binomial(1000;0.3),logpdf,1000,scalar,28.84
binomial(1000;0.3),cdf,1000,scalar,208.72
binomial(1000;0.3),pdf,1000,vectorized,27.70
binomial(1000;0.3),logpdf,1000,vectorized,21.46
binomial(1000;0.3),cdf,1000,vectorized,208.25
binomial(1000;0.3),pdf,1000,parallel,38.91
binomial(1000;0.3),logpdf,1000,parallel,28.51
binomial(1000;0.3),cdf,1000,parallel,207.67
binomial(1000;0.3),pdf,10000,auto,27.77
binomial(1000;0.3),logpdf,10000,auto,21.51
binomial(1000;0.3),cdf,10000,auto,74.33
binomial(1000;0.3),pdf,10000,scalar,40.03
binomial(1000;0.3),logpdf,10000,scalar,28.53
binomial(1000;0.3),cdf,10000,scalar,229.22
binomial(1000;0.3),pdf,10000,vectorized,27.68
binomial(1000;0.3),logpdf,10000,vectorized,21.50
binomial(1000;0.3),cdf,10000,vectorized,229.76
binomial(1000;0.3),pdf,10000,parallel,63.73
binomial(1000;0.3),logpdf,10000,parallel,61.59
binomial(1000;0.3),cdf,10000,parallel,74.58
binomial(1000;0.3),pdf,100000,auto,27.76
binomial(1000;0.3),logpdf,100000,auto,21.52
binomial(1000;0.3),cdf,100000,auto,68.74
binomial(1000;0.3),pdf,100000,scalar,39.33
binomial(1000;0.3),logpdf,100000,scalar,28.56
binomial(1000;0.3),cdf,100000,scalar,227.14
binomial(1000;0.3),pdf,100000,vectorized,27.75
binomial(1000;0.3),logpdf,100000,vectorized,21.51
binomial(1000;0.3),cdf,100000,vectorized,226.21
binomial(1000;0.3),pdf,100000,parallel,59.72
binomial(1000;0.3),logpdf,100000,parallel,58.26
binomial(1000;0.3),cdf,100000,parallel,63.87
binomial(1000;0.3),call_pdf,10000,call,40.79
binomial(1000;0.3),call_logpdf,10000,call,31.01
binomial(1000;0.3),call_cdf,10000,call,230.51
binomial(1000;0.3),quantile,1000,call,2262.76
binomial(100000;0.3),pdf,1000,auto,27.88
binomial(100000;0.3),logpdf,1000,auto,21.47
binomial(100000;0.3),cdf,1000,auto,477.15
binomial(100000;0.3),pdf,1000,scalar,39.25
binomial(100000;0.3),logpdf,1000,scalar,28.50
binomial(100000;0.3),cdf,1000,scalar,483.38
binomial(100000;0.3),pdf,1000,vectorized,28.30
binomial(100000;0.3),logpdf,1000,vectorized,21.48
binomial(100000;0.3),cdf,1000,vectorized,494.54
binomial(100000;0.3),pdf,1000,parallel,40.57
binomial(100000;0.3),logpdf,1000,parallel,29.98
binomial(100000;0.3),cdf,1000,parallel,490.80
binomial(100000;0.3),pdf,10000,auto,27.65
binomial(100000;0.3),logpdf,10000,auto,21.53
binomial(100000;0.3),cdf,10000,auto,79.67
binomial(100000;0.3),pdf,10000,scalar,39.27
binomial(100000;0.3),logpdf,10000,scalar,28.50
binomial(100000;0.3),cdf,10000,scalar,472.88
binomial(100000;0.3),pdf,10000,vectorized,27.72
binomial(100000;0.3),logpdf,10000,vectorized,21.62
binomial(100000;0.3),cdf,10000,vectorized,475.16
binomial(100000;0.3),pdf,10000,parallel,63.28
binomial(100000;0.3),logpdf,10000,parallel,61.55
binomial(100000;0.3),cdf,10000,parallel,83.31
binomial(100000;0.3),pdf,100000,auto,27.59
binomial(100000;0.3),logpdf,100000,auto,21.52
binomial(100000;0.3),cdf,100000,auto,83.71
binomial(100000;0.3),pdf,100000,scalar,39.23
binomial(100000;0.3),logpdf,100000,scalar,28.76
binomial(100000;0.3),cdf,100000,scalar,473.14
binomial(100000;0.3),pdf,100000,vectorized,27.77
binomial(100000;0.3),logpdf,100000,vectorized,21.48
binomial(100000;0.3),cdf,100000,vectorized,476.43
binomial(100000;0.3),pdf,100000,parallel,60.30
binomial(100000;0.3),logpdf,100000,parallel,59.38
binomial(100000;0.3),cdf,100000,parallel,78.59
binomial(100000;0.3),call_pdf,10000,call,40.78
binomial(100000;0.3),call_logpdf,10000,call,30.75
binomial(100000;0.3),call_cdf,10000,call,482.24
binomial(100000;0.3),quantile,1000,call,8842.01
negative_binomial(5;0.5),pdf,1000,auto,84.23
negative_binomial(5;0.5),logpdf,1000,auto,79.04
negative_binomial(5;0.5),cdf,1000,auto,173.30
negative_binomial(5;0.5),pdf,1000,scalar,102.24
negative_binomial(5;0.5),logpdf,1000,scalar,93.04
negative_binomial(5;0.5),cdf,1000,scalar,177.05
negative_binomial(5;0.5),pdf,1000,vectorized,86.75
negative_binomial(5;0.5),logpdf,1000,vectorized,79.96
negative_binomial(5;0.5),cdf,1000,vectorized,176.82
negative_binomial(5;0.5),pdf,1000,parallel,100.91
negative_binomial(5;0.5),logpdf,1000,parallel,89.40
negative_binomial(5;0.5),cdf,1000,parallel,170.16
negative_binomial(5;0.5),pdf,10000,auto,85.06
negative_binomial(5;0.5),logpdf,10000,auto,79.68
negative_binomial(5;0.5),cdf,10000,auto,64.14
negative_binomial(5;0.5),pdf,10000,scalar,100.97
negative_binomial(5;0.5),logpdf,10000,scalar,91.94
negative_binomial(5;0.5),cdf,10000,scalar,176.99
negative_binomial(5;0.5),pdf,10000,vectorized,85.72
negative_binomial(5;0.5),logpdf,10000,vectorized,83.59
negative_binomial(5;0.5),cdf,10000,vectorized,175.02
negative_binomial(5;0.5),pdf,10000,parallel,64.93
negative_binomial(5;0.5),logpdf,10000,parallel,62.09
negative_binomial(5;0.5),cdf,10000,parallel,64.37
negative_binomial(5;0.5),pdf,100000,auto,84.90
negative_binomial(5;0.5),logpdf,100000,auto,79.31
negative_binomial(5;0.5),cdf,100000,auto,64.72
negative_binomial(5;0.5),pdf,100000,scalar,100.74
negative_binomial(5;0.5),logpdf,100000,scalar,90.14
negative_binomial(5;0.5),cdf,100000,scalar,170.95
negative_binomial(5;0.5),pdf,100000,vectorized,84.73
negative_binomial(5;0.5),logpdf,100000,vectorized,79.33
negative_binomial(5;0.5),cdf,100000,vectorized,170.80
negative_binomial(5;0.5),pdf,100000,parallel,56.49
negative_binomial(5;0.5),logpdf,100000,parallel,59.50
negative_binomial(5;0.5),cdf,100000,parallel,60.34
negative_binomial(5;0.5),call_pdf,10000,call,101.25
negative_binomial(5;0.5),call_logpdf,10000,call,91.99
negative_binomial(5;0.5),call_cdf,10000,call,173.33
negative_binomial(5;0.5),quantile,1000,call,786.62
negative_binomial(1000;0.5),pdf,1000,auto,26.33
negative_binomial(1000;0.5),logpdf,1000,auto,18.88
negative_binomial(1000;0.5),cdf,1000,auto,243.33
negative_binomial(1000;0.5),pdf,1000,scalar,37.87
negative_binomial(1000;0.5),logpdf,1000,scalar,27.43
negative_binomial(1000;0.5),cdf,1000,scalar,243.47
negative_binomial(1000;0.5),pdf,1000,vectorized,26.41
negative_binomial(1000;0.5),logpdf,1000,vectorized,19.75
negative_binomial(1000;0.5),cdf,1000,vectorized,251.33
negative_binomial(1000;0.5),pdf,1000,parallel,38.24
negative_binomial(1000;0.5),logpdf,1000,parallel,27.53
negative_binomial(1000;0.5),cdf,1000,parallel,246.86
negative_binomial(1000;0.5),pdf,10000,auto,26.45
negative_binomial(1000;0.5),logpdf,10000,auto,18.92
negative_binomial(1000;0.5),cdf,10000,auto,64.92
negative_binomial(1000;0.5),pdf,10000,scalar,39.00
negative_binomial(1000;0.5),logpdf,10000,scalar,29.13
negative_binomial(1000;0.5),cdf,10000,scalar,265.80
negative_binomial(1000;0.5),pdf,10000,vectorized,26.45
negative_binomial(1000;0.5),logpdf,10000,vectorized,19.04
negative_binomial(1000;0.5),cdf,10000,vectorized,261.24
negative_binomial(1000;0.5),pdf,10000,parallel,44.01
negative_binomial(1000;0.5),logpdf,10000,parallel,42.87
negative_binomial(1000;0.5),cdf,10000,parallel,61.85
negative_binomial(1000;0.5),pdf,100000,auto,26.42
negative_binomial(1000;0.5),logpdf,100000,auto,19.05
negative_binomial(1000;0.5),cdf,100000,auto,59.08
negative_binomial(1000;0.5),pdf,100000,scalar,39.48
negative_binomial(1000;0.5),logpdf,100000,scalar,28.52
negative_binomial(1000;0.5),cdf,100000,scalar,263.31
negative_binomial(1000;0.5),pdf,100000,vectorized,26.56
negative_binomial(1000;0.5),logpdf,100000,vectorized,18.93
negative_binomial(1000;0.5),cdf,100000,vectorized,270.51
negative_binomial(1000;0.5),pdf,100000,parallel,41.48
negative_binomial(1000;0.5),logpdf,100000,parallel,39.82
negative_binomial(1000;0.5),cdf,100000,parallel,58.76
negative_binomial(1000;0.5),call_pdf,10000,call,42.51
negative_binomial(1000;0.5),call_logpdf,10000,call,30.38
negative_binomial(1000;0.5),call_cdf,10000,call,264.70
negative_binomial(1000;0.5),quantile,1000,call,3149.21
